{"__type__":"dragonBones.DragonBonesAtlasAsset","_name":"slime_green_tex","_atlasJson":"{\"SubTexture\":[{\"x\":564,\"y\":1456,\"width\":458,\"name\":\"motion0_slime\",\"height\":439},{\"x\":1,\"y\":1456,\"width\":561,\"name\":\"motion1_slime\",\"height\":441},{\"x\":1,\"y\":1049,\"width\":657,\"name\":\"motion2_slime\",\"height\":405},{\"x\":1,\"y\":369,\"width\":796,\"name\":\"motion3_slime\",\"height\":357},{\"x\":1,\"y\":1,\"width\":864,\"name\":\"motion4_slime\",\"height\":366},{\"x\":1,\"y\":728,\"width\":854,\"name\":\"motion5_slime\",\"height\":319}],\"width\":1024,\"name\":\"slime_green\",\"imagePath\":\"slime_green_tex.png\",\"height\":2048}","_texture":{"__uuid__":"92sEPPP9pDx6JRZRPIznvB"},"texture":{"__uuid__":"92sEPPP9pDx6JRZRPIznvB"}}