[{"__type__":"cc.SpriteFrame","content":{"name":"left-hand","texture":"38j0U0AZpMNJ4waBspiOP3","rect":[0,0,350,662],"offset":[-3.5,0],"originalSize":[357,662],"capInsets":[0,0,0,0]}},{"__type__":"cc.SpriteFrame","content":{"name":"left-hand0","texture":"ccWmy3ceBG44nqzI38n1DU","rect":[0,0,357,662],"offset":[0,0],"originalSize":[357,662],"capInsets":[0,0,0,0]}},{"__type__":"cc.SpriteFrame","content":{"name":"right-hand0","texture":"66OJPTAyZFDZaat6k3MV/c","rect":[0,0,401,642],"offset":[0,0],"originalSize":[401,642],"capInsets":[0,0,0,0]}},{"__type__":"cc.SpriteFrame","content":{"name":"bg","texture":"13vhg9ULFFL5OJDVynrYGq","rect":[0,0,1136,768],"offset":[0,0],"originalSize":[1136,768],"capInsets":[0,0,0,0]}},{"__type__":"cc.SpriteFrame","content":{"name":"right-hand","texture":"faWcsudEdPuqvWRulN4YgW","rect":[28,0,373,642],"offset":[14,0],"originalSize":[401,642],"capInsets":[0,0,0,0]}},[{"__type__":"cc.SceneAsset","_name":"make","scene":{"__id__":1},"asyncLoadAssets":null},{"__type__":"cc.Scene","_name":"New Node","_children":[{"__id__":2},{"__id__":11}],"_anchorPoint":{"__type__":"cc.Vec2"},"_scale":{"__type__":"cc.Vec3","x":0.3547577460692793,"y":0.3547577460692793,"z":1},"autoReleaseAssets":false},{"__type__":"cc.Node","_name":"Canvas","_parent":{"__id__":1},"_children":[{"__id__":3},{"__id__":4},{"__id__":5},{"__id__":7},{"__id__":9},{"__id__":6},{"__id__":8}],"_components":[{"__type__":"cc.Canvas","node":{"__id__":2},"_fitHeight":false},{"__type__":"04fbeDIVeZNLbNrnH0fdOwM","node":{"__id__":2}}],"_contentSize":{"__type__":"cc.Size","width":960,"height":640},"_position":{"__type__":"cc.Vec3","x":480,"y":320},"_id":"1aH2Yp+hFNy7fnVlxawaAz"},{"__type__":"cc.Node","_name":"Main Camera","_parent":{"__id__":2},"_level":1,"_components":[{"__type__":"cc.Camera","node":{"__id__":3},"_clearFlags":7,"_depth":-1}]},{"__type__":"cc.Node","_name":"bg","_parent":{"__id__":2},"_level":1,"_components":[{"__type__":"cc.Sprite","node":{"__id__":4},"_spriteFrame":{"__uuid__":"76z5P1CUhPqpbkzjKPrOVw"}},{"__type__":"94281Q7IV1CI7Sr9Cr0XVYu","node":{"__id__":4}}],"_contentSize":{"__type__":"cc.Size","width":1136,"height":768}},{"__type__":"cc.Node","_name":"left_hand0","_parent":{"__id__":2},"_level":1,"_components":[{"__type__":"cc.Sprite","node":{"__id__":5},"_srcBlendFactor":1,"_spriteFrame":{"__uuid__":"16wWP+UQ9LUIuLgHvlED8Z"}},{"__type__":"490ac+UEmFO1LhUXX12MUKe","node":{"__id__":5},"moveNodes":[{"__id__":6}]}],"_contentSize":{"__type__":"cc.Size","width":357,"height":662},"_position":{"__type__":"cc.Vec3","x":-247,"y":-220}},{"__type__":"cc.Node","_name":"left_hand1","_parent":{"__id__":2},"_level":1,"_components":[{"__type__":"cc.Sprite","node":{"__id__":6},"_srcBlendFactor":1,"_spriteFrame":{"__uuid__":"03NgM2ij1HIIZ4jj9JQDul"},"_sizeMode":2}],"_contentSize":{"__type__":"cc.Size","width":357,"height":662},"_position":{"__type__":"cc.Vec3","x":-251,"y":-219}},{"__type__":"cc.Node","_name":"right_hand0","_parent":{"__id__":2},"_level":1,"_components":[{"__type__":"cc.Sprite","node":{"__id__":7},"_spriteFrame":{"__uuid__":"3cOpeyCtJLXrbROUskVQOy"}},{"__type__":"490ac+UEmFO1LhUXX12MUKe","node":{"__id__":7},"moveNodes":[{"__id__":8}]}],"_contentSize":{"__type__":"cc.Size","width":401,"height":642},"_position":{"__type__":"cc.Vec3","x":278,"y":-193}},{"__type__":"cc.Node","_name":"right_hand1","_parent":{"__id__":2},"_level":1,"_components":[{"__type__":"cc.Sprite","node":{"__id__":8},"_srcBlendFactor":1,"_spriteFrame":{"__uuid__":"a203rhB3JHXIjbZaLSnpYA"}}],"_contentSize":{"__type__":"cc.Size","width":373,"height":642},"_position":{"__type__":"cc.Vec3","x":292,"y":-192}},{"__type__":"cc.Node","_name":"dragon","_parent":{"__id__":2},"_children":[{"__id__":10}],"_level":1,"_components":[{"__type__":"dragonBones.ArmatureDisplay","node":{"__id__":9},"_armatureName":"Armature","_animationName":"newAnimation","_preCacheMode":0,"_armatureKey":"bb0979f7-b20a-48d7-ab72-0d6311cd3401#77e94bd9-a714-48be-b4ce-50ae51427b9e","_N$dragonAsset":{"__uuid__":"bbCXn3sgpI16tyDWMRzTQB"},"_N$dragonAtlasAsset":{"__uuid__":"776UvZpxRIvrTOUK5RQnue"},"_N$debugBones":true}]},{"__type__":"cc.PrivateNode","_name":"DEBUG_DRAW_NODE","_parent":{"__id__":9},"_level":2,"_components":[{"__type__":"cc.Graphics","node":{"__id__":10},"_lineWidth":5,"_strokeColor":{"__type__":"cc.Color","r":255},"_fillColor":{"__type__":"cc.Color","b":255}}]},{"__type__":"cc.Node","_name":"game","_parent":{"__id__":1},"_level":1,"_components":[{"__type__":"92737FVVMlHYb1Z0K8VY+O/","node":{"__id__":11}}],"_position":{"__type__":"cc.Vec3","x":480,"y":320},"_id":"d5mLX4yrZI0bQ/+t6e29qc"}]]